{
    "id": "cmpl-5in6pvXKZoO7bsqRR95vKhE4bO84c",
    "object": "text_completion",
    "created": 1661356891,
    "model": "text-davinci-002",
    "choices": [
        {
            "text": "Write a sentence with five words about love:\n\nLove is the most powerful emotion.",
            "index": 0,
            "logprobs": {
                "tokens": [
                    "Write",
                    " a",
                    " sentence",
                    " with",
                    " five",
                    " words",
                    " about",
                    " love",
                    ":",
                    "\n",
                    "\n",
                    "Love",
                    " is",
                    " the",
                    " most",
                    " powerful",
                    " emotion",
                    ".",
                    "<|endoftext|>",
                    "The",
                    " following",
                    " is",
                    " a",
                    " list",
                    " of"
                ],
                "token_logprobs": [
                    null,
                    -4.2106686,
                    -6.3660398,
                    -1.8703063,
                    -7.25681,
                    -0.88920957,
                    -11.285602,
                    -5.421483,
                    -17.82797,
                    -0.007902137,
                    -2.0098154e-05,
                    -0.31350076,
                    -0.019455262,
                    -0.74861246,
                    -0.6240641,
                    -0.775955,
                    -0.040397685,
                    -0.0001097506,
                    -1.022884e-06,
                    -3.3922014,
                    -4.0066037,
                    -1.2584391,
                    -0.54908526,
                    -1.2401875,
                    -0.00606385
                ],
                "top_logprobs": [
                    null,
                    {
                        "String": -3.7409103,
                        "Line": -2.4224203,
                        " a": -4.2106686,
                        "(": -1.3282516,
                        "(\"": -2.8038876
                    },
                    {
                        " function": -2.133333,
                        " Review": -2.352695,
                        " program": -2.361427,
                        " Python": -2.6338408,
                        " review": -2.6621292
                    },
                    {
                        " using": -0.8002303,
                        " that": -1.7279046,
                        " with": -1.8703063,
                        " or": -3.7040608,
                        " about": -3.5211103
                    },
                    {
                        " the": -0.57924414,
                        " a": -1.3095355,
                        " two": -2.9761767,
                        " an": -3.5488534,
                        " all": -4.136944
                    },
                    {
                        " noun": -3.6414683,
                        " words": -0.88920957,
                        " adject": -1.2726411,
                        " ad": -3.0008686,
                        " pre": -2.6708229
                    },
                    {
                        "\n": -0.0042504007,
                        "\n\n": -5.6789494,
                        " that": -8.646638,
                        " in": -8.811755,
                        " using": -9.009139
                    },
                    {
                        " your": -1.597526,
                        " a": -1.8790622,
                        " the": -2.4768913,
                        "\n": -2.5521083,
                        " food": -3.5860043
                    },
                    {
                        "\n": -0.00012596205,
                        "\n\n": -9.225076,
                        " and": -11.234758,
                        ".": -11.962398,
                        "?": -12.957606
                    },
                    {
                        "Love": -7.8406506,
                        "\n": -0.007902137,
                        "I": -8.6152315,
                        " Love": -5.7941747,
                        "\n\n": -5.5385513
                    },
                    {
                        "Love": -12.781197,
                        "\n": -2.0098154e-05,
                        "I": -13.31017,
                        "<|endoftext|>": -14.931973,
                        "\n\n": -11.168314
                    },
                    {
                        "True": -5.0296144,
                        "Love": -0.31350076,
                        "There": -5.284454,
                        "All": -5.1689205,
                        "I": -1.7099233
                    },
                    {
                        " never": -5.9615307,
                        " makes": -5.9371367,
                        " cannot": -6.1327553,
                        " is": -0.019455262,
                        " knows": -5.5833297
                    },
                    {
                        " never": -3.247221,
                        " everything": -3.1751385,
                        " a": -2.8846033,
                        " the": -0.74861246,
                        " an": -2.170579
                    },
                    {
                        " best": -1.7028911,
                        " light": -2.2864482,
                        " feeling": -3.1297138,
                        " greatest": -3.2268195,
                        " most": -0.6240641
                    },
                    {
                        " important": -1.0566366,
                        " powerful": -0.775955,
                        " beautiful": -1.9344957,
                        " amazing": -3.610107,
                        " wonderful": -4.1227326
                    },
                    {
                        " emotions": -9.044009,
                        " thing": -7.1216397,
                        " force": -3.2695348,
                        " feeling": -7.697895,
                        " emotion": -0.040397685
                    },
                    {
                        ".": -0.0001097506,
                        " of": -11.540656,
                        " in": -9.549086,
                        "<|endoftext|>": -10.938363,
                        " there": -12.223218
                    },
                    {
                        " <": -17.605099,
                        "\n": -13.970052,
                        " period": -19.074038,
                        "<|endoftext|>": -1.022884e-06,
                        "\n\n": -16.347767
                    },
                    {
                        "\n": -3.922579,
                        "#": -4.0294704,
                        "I": -4.1882453,
                        "The": -3.3922014,
                        "\n\n": -4.366337
                    },
                    {
                        " United": -4.7283626,
                        " following": -4.0066037,
                        " U": -4.9456306,
                        " new": -4.993319,
                        " first": -4.5859494
                    },
                    {
                        " text": -3.439281,
                        " article": -3.118464,
                        " table": -3.6639774,
                        " is": -1.2584391,
                        " are": -3.1395183
                    },
                    {
                        " a": -0.54908526,
                        " the": -2.6777055,
                        " an": -1.6624124,
                        " from": -3.0532904,
                        " my": -4.0036225
                    },
                    {
                        " summary": -3.113966,