{
    "id": "cmpl-5in6rAt3ylfzbwjikhSBzE9MSHvRs",
    "object": "text_completion",
    "created": 1661356893,
    "model": "text-davinci-002",
    "choices": [
        {
            "text": "Write a sentence with five words about cats:\n\nCats are soft and cuddly.",
            "index": 0,
            "logprobs": {
                "tokens": [
                    "Write",
                    " a",
                    " sentence",
                    " with",
                    " five",
                    " words",
                    " about",
                    " cats",
                    ":",
                    "\n",
                    "\n",
                    "C",
                    "ats",
                    " are",
                    " soft",
                    " and",
                    " c",
                    "udd",
                    "ly",
                    ".",
                    "<|endoftext|>",
                    "#",
                    "include",
                    " <",
                    "i"
                ],
                "token_logprobs": [
                    null,
                    -4.2102675,
                    -6.3631377,
                    -1.8646318,
                    -7.2598953,
                    -0.88808125,
                    -11.2693205,
                    -6.6566467,
                    -18.77959,
                    -0.0043279203,
                    -2.3556138e-05,
                    -0.58126724,
                    -0.011778092,
                    -0.21358624,
                    -1.5088706,
                    -0.3461784,
                    -1.0703107,
                    -3.559716e-05,
                    -6.827632e-08,
                    -0.18192838,
                    -1.8668587e-05,
                    -3.4430058,
                    -1.7280717,
                    -0.4146978,
                    -1.5011827
                ],
                "top_logprobs": [
                    null,
                    {
                        "String": -3.7404628,
                        "Line": -2.4225307,
                        " a": -4.2102675,
                        "(": -1.3279163,
                        "(\"": -2.8037217
                    },
                    {
                        " function": -2.1331651,
                        " Review": -2.3536737,
                        " program": -2.3637106,
                        " Python": -2.6343033,
                        " review": -2.661033
                    },
                    {
                        " using": -0.8028526,
                        " that": -1.7274618,
                        " with": -1.8646318,
                        " or": -3.700865,
                        " about": -3.521503
                    },
                    {
                        " the": -0.57776934,
                        " a": -1.3130628,
                        " two": -2.973046,
                        " an": -3.5520782,
                        " all": -4.1310043
                    },
                    {
                        " noun": -3.6368356,
                        " words": -0.88808125,
                        " adject": -1.272843,
                        " ad": -3.0003278,
                        " pre": -2.6778839
                    },
                    {
                        "\n": -0.0042590797,
                        "\n\n": -5.6801953,
                        " that": -8.634729,
                        " in": -8.786365,
                        " using": -8.991633
                    },
                    {
                        " your": -1.6012894,
                        " a": -1.8695811,
                        " the": -2.476163,
                        "\n": -2.5697486,
                        " food": -3.584131
                    },
                    {
                        "\n": -0.00013466804,
                        "\n\n": -9.029048,
                        " and": -12.14509,
                        "?": -12.359571,
                        ".": -12.650692
                    },
                    {
                        "\n": -0.0043279203,
                        " Cats": -5.899415,
                        " I": -7.913404,
                        "I": -8.548076,
                        "\n\n": -8.119329
                    },
                    {
                        "\n": -2.3556138e-05,
                        " Cats": -13.900494,
                        "C": -11.908012,
                        "I": -11.786827,
                        "\n\n": -12.255221
                    },
                    {
                        " Cats": -5.528372,
                        "They": -4.3542976,
                        "C": -0.58126724,
                        "My": -3.4640253,
                        "I": -0.99621475
                    },
                    {
                        "ute": -4.669732,
                        "ats": -0.011778092,
                        "ATS": -7.1213202,
                        "udd": -7.7820005,
                        "razy": -7.4537
                    },
                    {
                        " are": -0.21358624,
                        " sleep": -2.414635,
                        " me": -4.6453867,
                        " like": -3.350361,
                        " make": -4.6275897
                    },
                    {
                        " cute": -2.0760589,
                        " small": -2.1257606,
                        " lazy": -3.3177416,
                        " the": -2.9763544,
                        " soft": -1.5088706
                    },
                    {
                        ",": -1.2351173,
                        ".": -7.1339984,
                        " and": -0.3461784,
                        " animals": -7.7563114,
                        " creatures": -8.173923
                    },
                    {
                        " small": -2.3875296,
                        " c": -1.0703107,
                        " fuzzy": -2.3640692,
                        " fluffy": -2.2117293,
                        " furry": -1.9521773
                    },
                    {
                        "uddy": -19.461319,
                        "uddle": -10.248132,
                        "uddled": -17.832932,
                        "udd": -3.559716e-05,
                        "ud": -15.775436
                    },
                    {
                        "LY": -19.59623,
                        "ling": -19.288616,
                        "ley": -16.609648,
                        "ly": -6.827632e-08,
                        "les": -19.701235
                    },
                    {
                        ".": -0.18192838,
                        " pets": -7.4380083,
                        " companions": -9.75155,
                        " animals": -2.8625143,
                        " creatures": -2.2214408
                    },
                    {
                        " They": -17.809788,
                        "\n": -10.895074,
                        " ": -16.683975,
                        "<|endoftext|>": -1.8668587e-05,
                        "\n\n": -16.250406
                    },
                    {
                        "\n": -3.4674933,
                        "#": -3.4430058,
                        "I": -4.073749,
                        "The": -3.5101967,
                        "Q": -3.8590724
                    },
                    {
                        "1": -3.491795,
                        "include": -1.7280717,
                        "if": -2.9943957,
                        "!/": -2.5476015,
                        " -": -3.720617
                    },
                    {
                        "\"": -5.8716207,
                        " <": -0.4146978,
                        "\n": -6.652797,