{
    "id": "cmpl-5in6s9tYvSrFLHKPbJCNfufVBUBys",
    "object": "text_completion",
    "created": 1661356894,
    "model": "text-davinci-002",
    "choices": [
        {
            "text": "Write a sentence with five words about Elon Musk:\n\nHe is an entrepreneur and business magnate.",
            "index": 0,
            "logprobs": {
                "tokens": [
                    "Write",
                    " a",
                    " sentence",
                    " with",
                    " five",
                    " words",
                    " about",
                    " Elon",
                    " Musk",
                    ":",
                    "\n",
                    "\n",
                    "He",
                    " is",
                    " an",
                    " entrepreneur",
                    " and",
                    " business",
                    " magn",
                    "ate",
                    ".",
                    "<|endoftext|>",
                    "The",
                    " following",
                    " is",
                    " a"
                ],
                "token_logprobs": [
                    null,
                    -4.2102675,
                    -6.3631377,
                    -1.8646318,
                    -7.260296,
                    -0.8951528,
                    -11.264018,
                    -13.587227,
                    -0.044923,
                    -16.5384,
                    -0.005621811,
                    -0.000115950395,
                    -0.661107,
                    -0.04814378,
                    -0.6726185,
                    -0.22040635,
                    -0.0034258813,
                    -0.12305987,
                    -0.0022369176,
                    0,
                    -6.170386e-05,
                    -8.8051806e-05,
                    -3.2248807,
                    -3.8845265,
                    -1.2337036,
                    -0.5331357
                ],
                "top_logprobs": [
                    null,
                    {
                        "String": -3.7404628,
                        "Line": -2.4225307,
                        " a": -4.2102675,
                        "(": -1.3279163,
                        "(\"": -2.8037217
                    },
                    {
                        " function": -2.1331651,
                        " Review": -2.3536737,
                        " program": -2.3637106,
                        " Python": -2.6343033,
                        " review": -2.661033
                    },
                    {
                        " using": -0.8028526,
                        " that": -1.7274618,
                        " with": -1.8646318,
                        " or": -3.700865,
                        " about": -3.521503
                    },
                    {
                        " the": -0.57898545,
                        " a": -1.3097097,
                        " two": -2.9757464,
                        " an": -3.5491943,
                        " all": -4.132245
                    },
                    {
                        " noun": -3.6377192,
                        " words": -0.8951528,
                        " adject": -1.2659519,
                        " ad": -2.9966426,
                        " pre": -2.6748464
                    },
                    {
                        "\n": -0.0042253784,
                        "\n\n": -5.6894197,
                        " that": -8.625752,
                        " in": -8.806204,
                        " using": -8.993936
                    },
                    {
                        " your": -1.5985209,
                        " a": -1.8715311,
                        " the": -2.473111,
                        "\n": -2.5752666,
                        " food": -3.584998
                    },
                    {
                        " mus": -4.051461,
                        "\n": -3.711919,
                        " Musk": -0.044923,
                        " Mus": -7.6674795,
                        "'s": -7.1622715
                    },
                    {
                        "\n": -0.00014790209,
                        "\n\n": -9.432392,
                        "'s": -9.85417,
                        " and": -12.441966,
                        "?": -12.644033
                    },
                    {
                        " Tesla": -8.154109,
                        "He": -7.1310315,
                        "\n": -0.005621811,
                        "\n\n": -6.1829123,
                        " He": -7.370244
                    },
                    {
                        "He": -9.75009,
                        "\n": -0.000115950395,
                        "\n\n": -9.975436,
                        "In": -12.132708,
                        "El": -13.689309
                    },
                    {
                        "Space": -3.7637298,
                        "He": -0.661107,
                        "B": -3.7067227,
                        "In": -1.9662722,
                        "El": -1.5813617
                    },
                    {
                        " is": -0.04814378,
                        "'s": -4.0443196,
                        " has": -5.6588407,
                        " creates": -4.9496365,
                        " founded": -5.9080033
                    },
                    {
                        " a": -1.0013738,
                        " the": -2.7601352,
                        " an": -0.6726185,
                        " one": -4.610739,
                        " changing": -3.4362595
                    },
                    {
                        " inspiration": -3.210815,
                        " entrepreneur": -0.22040635,
                        " inventor": -4.149417,
                        " amazing": -3.1463335,
                        " incredible": -3.222836
                    },
                    {
                        ",": -8.110381,
                        ".": -5.949833,
                        " and": -0.0034258813,
                        " with": -8.052558,
                        " extraord": -9.685154
                    },
                    {
                        " investor": -2.7027793,
                        " business": -0.12305987,
                        " inventor": -4.872397,
                        " CEO": -4.945556,
                        " innov": -4.8250394
                    },
                    {
                        " person": -8.08594,
                        " Magn": -7.969818,
                        " leader": -8.210583,
                        " visionary": -8.152492,
                        " magn": -0.0022369176
                    },
                    {
                        "at": -21.587229,
                        "ate": 0,
                        "<|endoftext|>": -20.098087,
                        "ATE": -18.170465,
                        "ates": -16.852169
                    },
                    {
                        ".": -6.170386e-05,
                        "\n": -12.728953,
                        ".)": -16.230467,
                        "<|endoftext|>": -9.751221,
                        " .": -14.9485855
                    },
                    {
                        "He": -21.911224,
                        "\n": -9.336578,
                        " ": -20.161695,
                        "<|endoftext|>": -8.8051806e-05,
                        "\n\n": -18.018263
                    },
                    {
                        "\n": -3.7182581,
                        "#": -3.8705587,
                        "A": -4.3616586,
                        "I": -3.986533,