{
    "id": "cmpl-5in6tNZ6tJrGeELeCDXlFrWUstEPM",
    "object": "text_completion",
    "created": 1661356895,
    "model": "text-davinci-002",
    "choices": [
        {
            "text": "Write a sentence with ten words about love:\n\nLove is a strong, passionate emotion felt between two people.",
            "index": 0,
            "logprobs": {
                "tokens": [
                    "Write",
                    " a",
                    " sentence",
                    " with",
                    " ten",
                    " words",
                    " about",
                    " love",
                    ":",
                    "\n",
                    "\n",
                    "Love",
                    " is",
                    " a",
                    " strong",
                    ",",
                    " passionate",
                    " emotion",
                    " felt",
                    " between",
                    " two",
                    " people",
                    ".",
                    "<|endoftext|>",
                    "#"
                ],
                "token_logprobs": [
                    null,
                    -4.2102675,
                    -6.3631377,
                    -1.8646318,
                    -9.681677,
                    -0.766603,
                    -10.440359,
                    -6.267763,
                    -17.140612,
                    -0.009525059,
                    -3.941184e-05,
                    -0.3705178,
                    -0.013396154,
                    -1.1589634,
                    -0.9911089,
                    -0.11362086,
                    -0.015702238,
                    -0.00025694142,
                    -0.0017518991,
                    -0.0004090442,
                    -0.00020060172,
                    -0.024251029,
                    -0.0072946534,
                    -6.827632e-08,
                    -3.4339552
                ],
                "top_logprobs": [
                    null,
                    {
                        "String": -3.7404628,
                        "Line": -2.4225307,
                        " a": -4.2102675,
                        "(": -1.3279163,
                        "(\"": -2.8037217
                    },
                    {
                        " function": -2.1331651,
                        " Review": -2.3536737,
                        " program": -2.3637106,
                        " Python": -2.6343033,
                        " review": -2.661033
                    },
                    {
                        " using": -0.8028526,
                        " that": -1.7274618,
                        " with": -1.8646318,
                        " or": -3.700865,
                        " about": -3.521503
                    },
                    {
                        " the": -0.57898545,
                        " a": -1.3097097,
                        " two": -2.9757464,
                        " an": -3.5491943,
                        " all": -4.132245
                    },
                    {
                        " words": -0.766603,
                        " adject": -2.1868844,
                        " or": -3.58683,
                        " ad": -3.631304,
                        " pre": -1.5285391
                    },
                    {
                        "\n": -0.028437892,
                        "\n\n": -3.8615048,
                        " in": -5.574671,
                        " or": -6.304456,
                        " using": -7.66096
                    },
                    {
                        " your": -1.1594034,
                        " a": -1.769937,
                        " the": -2.368462,
                        " an": -3.4664145,
                        "\n": -3.572072
                    },
                    {
                        "\n": -0.0008866062,
                        "\n\n": -7.074186,
                        ".": -10.999865,
                        " and": -11.1927,
                        "?": -13.024916
                    },
                    {
                        "Love": -6.5110626,
                        "\n": -0.009525059,
                        "I": -8.285856,
                        " Love": -5.1400514,
                        "\n\n": -6.501201
                    },
                    {
                        "Love": -10.822411,
                        "\n": -3.941184e-05,
                        "I": -12.052535,
                        "The": -14.122413,
                        "\n\n": -11.678129
                    },
                    {
                        "Though": -3.6875277,
                        "Love": -0.3705178,
                        "There": -4.602291,
                        "When": -4.4558315,
                        "I": -1.7167902
                    },
                    {
                        " means": -6.3685384,
                        " makes": -6.3661656,
                        " cannot": -6.6857076,
                        " is": -0.013396154,
                        " knows": -5.5004163
                    },
                    {
                        " something": -2.6808348,
                        " a": -1.1589634,
                        " the": -1.2793753,
                        " an": -1.686331,
                        " amazing": -4.390855
                    },
                    {
                        " strong": -0.9911089,
                        " deep": -2.2602015,
                        " feeling": -1.579611,
                        " beautiful": -2.3528023,
                        " wonderful": -3.6188965
                    },
                    {
                        ",": -0.11362086,
                        " affection": -6.6357446,
                        " and": -2.909193,
                        " feeling": -5.3323784,
                        " emotion": -3.1016576
                    },
                    {
                        " passionate": -0.015702238,
                        " deep": -6.1891813,
                        " powerful": -6.155623,
                        " beautiful": -5.1715393,
                        " emotion": -6.903397
                    },
                    {
                        " emotions": -9.322532,
                        " affection": -13.706508,
                        " feeling": -8.704429,
                        " feelings": -15.518383,
                        " emotion": -0.00025694142
                    },
                    {
                        " between": -9.078476,
                        ".": -6.5327735,
                        " felt": -0.0017518991,
                        " that": -9.254123,
                        " for": -10.583972
                    },
                    {
                        " between": -0.0004090442,
                        "between": -10.456331,
                        " deep": -8.468128,
                        " for": -9.560654,
                        " by": -10.038546
                    },
                    {
                        "two": -9.715479,
                        " lovers": -10.557502,
                        " individuals": -10.376084,
                        " people": -10.707208,
                        " two": -0.00020060172
                    },
                    {
                        " attracted": -8.828584,
                        " souls": -8.75868,
                        " lovers": -8.136644,
                        " individuals": -3.7796962,
                        " people": -0.024251029
                    },
                    {
                        ".": -0.0072946534,
                        " in": -9.844508,
                        "<|endoftext|>": -13.427509,
                        " who": -4.932452,