{
    "id": "cmpl-5in6yVcR1ojyzLqQpt1KBYitTZO3k",
    "object": "text_completion",
    "created": 1661356900,
    "model": "text-davinci-002",
    "choices": [
        {
            "text": "Write a sentence with twenty words about love:\n\nLove is the most beautiful thing in the world.",
            "index": 0,
            "logprobs": {
                "tokens": [
                    "Write",
                    " a",
                    " sentence",
                    " with",
                    " twenty",
                    " words",
                    " about",
                    " love",
                    ":",
                    "\n",
                    "\n",
                    "Love",
                    " is",
                    " the",
                    " most",
                    " beautiful",
                    " thing",
                    " in",
                    " the",
                    " world",
                    ".",
                    "<|endoftext|>",
                    "The",
                    " following",
                    " is"
                ],
                "token_logprobs": [
                    null,
                    -4.2100353,
                    -6.3652263,
                    -1.8670516,
                    -12.136624,
                    -1.3080865,
                    -10.73935,
                    -6.7617016,
                    -18.48577,
                    -0.0034977763,
                    -3.7148744e-05,
                    -0.67064995,
                    -0.011442455,
                    -1.1187018,
                    -0.15659028,
                    -0.7592491,
                    -0.10036545,
                    -2.1768952e-05,
                    -0.0009975744,
                    -1.0444119e-05,
                    -0.0030373144,
                    -3.5357807e-05,
                    -3.359018,
                    -4.0053806,
                    -1.2644352
                ],
                "top_logprobs": [
                    null,
                    {
                        "String": -3.7408342,
                        "Line": -2.4217806,
                        " a": -4.2100353,
                        "(": -1.3285913,
                        "(\"": -2.8036187
                    },
                    {
                        " function": -2.1337214,
                        " Review": -2.3516586,
                        " program": -2.3591669,
                        " Python": -2.6363087,
                        " review": -2.6598642
                    },
                    {
                        " using": -0.80034214,
                        " that": -1.7275109,
                        " with": -1.8670516,
                        " or": -3.704781,
                        " about": -3.5220034
                    },
                    {
                        " the": -0.5759373,
                        " a": -1.3163576,
                        " two": -2.9755094,
                        " an": -3.5525782,
                        " all": -4.1318703
                    },
                    {
                        "-": -1.563759,
                        " five": -0.9526768,
                        "\n": -4.047023,
                        " words": -1.3080865,
                        " two": -3.034233
                    },
                    {
                        "\n": -0.03688057,
                        " in": -3.6887584,
                        "\n\n": -4.9415073,
                        " or": -5.701155,
                        " using": -8.302342
                    },
                    {
                        " your": -1.0390209,
                        "\n": -1.9876789,
                        " a": -2.075189,
                        " the": -2.3478844,
                        " an": -3.1223073
                    },
                    {
                        "\n": -0.0009460276,
                        "\n\n": -6.982903,
                        ".": -11.69613,
                        " and": -12.037767,
                        " in": -14.295328
                    },
                    {
                        "Love": -7.798902,
                        "\n": -0.0034977763,
                        "I": -9.056753,
                        " Love": -6.3633285,
                        "\n\n": -6.901026
                    },
                    {
                        "Love": -11.411139,
                        "\n": -3.7148744e-05,
                        "I": -12.544683,
                        "The": -14.509373,
                        "\n\n": -10.868576
                    },
                    {
                        "Though": -2.9706032,
                        "True": -3.4317305,
                        "Love": -0.67064995,
                        "When": -3.5110543,
                        "I": -1.3838096
                    },
                    {
                        " means": -6.445754,
                        " makes": -5.9128633,
                        " is": -0.011442455,
                        " knows": -6.2493067,
                        " can": -6.9375043
                    },
                    {
                        " something": -1.8563269,
                        " a": -1.5830268,
                        " the": -1.1187018,
                        " an": -1.5627325,
                        " amazing": -4.5989766
                    },
                    {
                        " best": -3.0702047,
                        " feeling": -4.1180234,
                        " greatest": -4.3001966,
                        " most": -0.15659028,
                        " emotion": -3.425261
                    },
                    {
                        " important": -2.5886846,
                        " powerful": -1.670525,
                        " beautiful": -0.7592491,
                        " amazing": -1.567368,
                        " wonderful": -2.9949687
                    },
                    {
                        ",": -6.2352552,
                        " thing": -0.10036545,
                        " and": -5.9694505,
                        " feeling": -2.7484636,
                        " emotion": -3.625855
                    },
                    {
                        " a": -13.008691,
                        " to": -13.768854,
                        " in": -2.1768952e-05,
                        " on": -14.357538,
                        " that": -10.97087
                    },
                    {
                        " life": -7.2585583,
                        " the": -0.0009975744,
                        " this": -8.15699,
                        " existence": -12.121848,
                        " world": -14.100166
                    },
                    {
                        " word": -14.006164,
                        " entire": -12.040585,
                        " whole": -14.2725525,
                        " universe": -12.8525915,
                        " world": -1.0444119e-05
                    },
                    {
                        ",": -9.030181,
                        ".": -0.0030373144,
                        " and": -5.8640456,
                        " that": -9.655183,
                        " because": -13.089949
                    },
                    {
                        " <": -14.427726,
                        " There": -14.703399,
                        "\n": -13.794393,
                        "<|endoftext|>": -3.5357807e-05,
                        " It": -10.3650255
                    },
                    {
                        "\n": -3.6962883,
                        "#": -3.8727517,
                        "I": -4.0714216,
                        "The": -3.359018,